Link incidecoder,brand,short_product_name,date_upload,incide_enDescription,incide_ingredients,incide_imageKey,process,productName,productName_clean,incide_productName
https://incidecoder.com/products/pyunkang-yul-cleansing-foam,Pyunkang Yul,Cleansing Foam,05/08/2018,"A gentle but mighty cleansing foam made with ledebouriella seseloides extract that deliver highly effective cleansing with lots of delightful bubbles. The stretchy consistency of Pyunkang Cleansing Foam adheres to dirt and oil trapped in pores, and removes them leaving skin feeling clean and fresh without drying. ","Saposhnikovia Divaricata Root Extract, Glycerin, Myristic Acid, Lauric Acid, Potassium Hydroxide, Stearic Acid, Cocamidopropyl Betaine, Beeswax, Glyceryl Stearate, Peg-100 Stearate, Glycol Distearate, Lauramide Dea, Glyceryl Stearate Se, Sodium Polyacrylate, Glyceryl Caprylate, Fragrance",https://incidecoder-content.storage.googleapis.com/c09c32fb-7109-48fe-9f0d-63eb44ce736e/products/pyunkang-yul-cleansing-foam/pyunkang-yul-cleansing-foam_front_photo_original.jpeg,Success,Pyunkang Yul Cleansing Foam,Pyunkang Yul Cleansing Foam,Pyunkang Yul Cleansing Foam
https://incidecoder.com/products/chacott-for-professional-cleansing-water,Chacott,For  Professional Cleansing Water,03/18/2021,"*hypoallergenic cleansing.
*oil-free, fragrance-free, colorant-free, paraben-free and alcohol-free.
*gentle to the eyelashes.
*remove easily with cotton patting puff.
*no rinsing or additional moisturizer necessary.","Water (Aqua), Dipropylene Glycol, PEG-6 Caprylic/​Capric Glycerides, Rosmarinus Officinalis (Rosemary) Leaf Extract, Chamomilla Recutita (Matricaria) Flower Extract, Aloe Barbadensis Leaf Extract, Allantoin, Silver Oxide, Phytic Acid, Arginine, Citric Acid, Sodium Citrate, Phenoxyethanol, Butylene Glycol, Artemisia Capillaris Flower Extract, Eugenia Caryophyllus (Clove) Flower Extract, Glyceryl Caprylate",https://incidecoder-content.storage.googleapis.com/114bb328-d085-45e9-878d-b14715573e04/products/chacott-for-professional-cleansing-water/chacott-for-professional-cleansing-water_front_photo_original.jpeg,Success,Chacott for Professionals Cleansing Water,Chacott for Professionals Cleansing Water,Chacott For  Professional Cleansing Water
,,,,,,,None link found,The Auragins Skin Rescue Brightening Gel Cream ,The Auragins Skin Rescue Brightening Gel Cream,
,,,,,,,None link found,The Auragins Acne Rescue Patch,The Auragins Acne Rescue Patch,
,,,,,,,None link found,The Auragins Sulcharia Deep Pore Clarifying Clay Mask,The Auragins Sulcharia Deep Pore Clarifying Clay Mask,
,,,,,,,None link found,The Auragins Oil Balancing Gel Cleanser,The Auragins Oil Balancing Gel Cleanser,
,,,,,,,None link found,The Auragins Glow Complexion Serum 14% Vitamin C + 6 Berries ExtractsThe Auragins Glow Complexion Serum 14% Vitamin C + 6 Berries Extracts,The Auragins Glow Complexion Serum,
https://incidecoder.com/products/the-auragins-gentle-brightening-toner,The Auragins,Gentle Brightening Toner,01/30/2021,"The powerful combination removes dead skin cells, treats hyperpigmentation, and reduces the appearance of fine lines. Further powered by niacinamide, the vitamin b3 improves skin barrier and minimizes enlarged pores, thus leaving your skin radiant and protected against further damage","Water, Butylene Glycol, Dipropylene Glycol, Glycerin, Niacinamide, Polyglyceryl-4 Caprate, Melaleuca Alternifolia (Tea Tree) Leaf Water, Solanum Melongena (Eggplant) Fruit Extract, Sodium Hyaluronate, Hydroxyethyl Urea, Betaine, Xylitylglucoside, Anhydroxylitol, Xylitol, Allantoin, Lupeol, Lactobionic Acid, Glucose, Adenosine, Citric Acid, Sodium Citrate, Benzyl Glycol, Ethylhexylglycerin, Raspberry Ketone, 1,2-Hexanediol, Fragrance",https://incidecoder-content.storage.googleapis.com/d1d54956-ea9d-43ad-8764-0fc638886b16/products/the-auragins-gentle-brightening-toner/the-auragins-gentle-brightening-toner_front_photo_original.jpeg,Success,The Auragins 10% Niacinamide + 1% Zinc Acne Clear Brightening Serum,The Auragins,The Auragins Gentle Brightening Toner
https://incidecoder.com/products/the-auragins-gentle-brightening-toner,The Auragins,Gentle Brightening Toner,01/30/2021,"The powerful combination removes dead skin cells, treats hyperpigmentation, and reduces the appearance of fine lines. Further powered by niacinamide, the vitamin b3 improves skin barrier and minimizes enlarged pores, thus leaving your skin radiant and protected against further damage","Water, Butylene Glycol, Dipropylene Glycol, Glycerin, Niacinamide, Polyglyceryl-4 Caprate, Melaleuca Alternifolia (Tea Tree) Leaf Water, Solanum Melongena (Eggplant) Fruit Extract, Sodium Hyaluronate, Hydroxyethyl Urea, Betaine, Xylitylglucoside, Anhydroxylitol, Xylitol, Allantoin, Lupeol, Lactobionic Acid, Glucose, Adenosine, Citric Acid, Sodium Citrate, Benzyl Glycol, Ethylhexylglycerin, Raspberry Ketone, 1,2-Hexanediol, Fragrance",https://incidecoder-content.storage.googleapis.com/d1d54956-ea9d-43ad-8764-0fc638886b16/products/the-auragins-gentle-brightening-toner/the-auragins-gentle-brightening-toner_front_photo_original.jpeg,Success,The Auragins 8% Vitamin B5 + Hyaluronic Acid Rehydrating Serum,The Auragins,The Auragins Gentle Brightening Toner
https://incidecoder.com/products/the-auragins-gentle-brightening-toner,The Auragins,Gentle Brightening Toner,01/30/2021,"The powerful combination removes dead skin cells, treats hyperpigmentation, and reduces the appearance of fine lines. Further powered by niacinamide, the vitamin b3 improves skin barrier and minimizes enlarged pores, thus leaving your skin radiant and protected against further damage","Water, Butylene Glycol, Dipropylene Glycol, Glycerin, Niacinamide, Polyglyceryl-4 Caprate, Melaleuca Alternifolia (Tea Tree) Leaf Water, Solanum Melongena (Eggplant) Fruit Extract, Sodium Hyaluronate, Hydroxyethyl Urea, Betaine, Xylitylglucoside, Anhydroxylitol, Xylitol, Allantoin, Lupeol, Lactobionic Acid, Glucose, Adenosine, Citric Acid, Sodium Citrate, Benzyl Glycol, Ethylhexylglycerin, Raspberry Ketone, 1,2-Hexanediol, Fragrance",https://incidecoder-content.storage.googleapis.com/d1d54956-ea9d-43ad-8764-0fc638886b16/products/the-auragins-gentle-brightening-toner/the-auragins-gentle-brightening-toner_front_photo_original.jpeg,Success,The Auragins 7.5% AHA + 0.5% BHA Gentle Peeling Serum,The Auragins,The Auragins Gentle Brightening Toner
https://incidecoder.com/products/the-auragins-gentle-brightening-toner,The Auragins,Gentle Brightening Toner,01/30/2021,"The powerful combination removes dead skin cells, treats hyperpigmentation, and reduces the appearance of fine lines. Further powered by niacinamide, the vitamin b3 improves skin barrier and minimizes enlarged pores, thus leaving your skin radiant and protected against further damage","Water, Butylene Glycol, Dipropylene Glycol, Glycerin, Niacinamide, Polyglyceryl-4 Caprate, Melaleuca Alternifolia (Tea Tree) Leaf Water, Solanum Melongena (Eggplant) Fruit Extract, Sodium Hyaluronate, Hydroxyethyl Urea, Betaine, Xylitylglucoside, Anhydroxylitol, Xylitol, Allantoin, Lupeol, Lactobionic Acid, Glucose, Adenosine, Citric Acid, Sodium Citrate, Benzyl Glycol, Ethylhexylglycerin, Raspberry Ketone, 1,2-Hexanediol, Fragrance",https://incidecoder-content.storage.googleapis.com/d1d54956-ea9d-43ad-8764-0fc638886b16/products/the-auragins-gentle-brightening-toner/the-auragins-gentle-brightening-toner_front_photo_original.jpeg,Success,The Auragins Gentle Brightening Toner,The Auragins Gentle Brightening Toner,The Auragins Gentle Brightening Toner
https://incidecoder.com/products/chanel-sublimage-lextrait-de-nuit,Chanel,Sublimage L'Extrait De Nuit,11/15/2020,"A night serum that helps skin reconnect to its natural rejuvenating cycle while you sleep for a plump, luminous, rested appearance upon waking. Night after night, skin looks stronger and smoother, while signs of fatigue appear visibly diminished.","Aqua (Water), Coco-Caprylate/​Caprate, Propanediol, Caprylic/​Capric Triglyceride, Isononyl Isononanoate, Pentylene Glycol, Limnanthes Alba (Meadowfoam) Seed Oil, Methylpropanediol, Vanilla Planifolia Fruit Water, Secale Cereale (Rye) Seed Extract, Citrus Aurantium Amara (Bitter Orange) Flower Extract, Vanilla Planifolia Leaf Cell Extract, Vanilla Planifolia Flower Extract, Glutamylamidoethyl Imidazole, Castor Oil/​Ipdi Copolymer, Parfum (Fragrance), Sodium Carbomer, Chlorphenesin, Glycerin, Sodium Hyaluronate, Tamarindus Indica Seed Gum, Alcaligenes Polysaccharides, Trisodium Ethylenediamine Disuccinate, Amodimethicone, Adenosine, Tocopherol, Sodium Benzoate, Caramel",https://incidecoder-content.storage.googleapis.com/cc1806ca-f862-4457-a67b-69d8e82843ec/products/chanel-sublimage-lextrait-de-nuit/chanel-sublimage-lextrait-de-nuit_front_photo_original.jpeg,Success,Channel SUBLIMAGE L'EXTRAIT DE NUIT,Channel SUBLIMAGE L'EXTRAIT DE NUIT,Chanel Sublimage L'Extrait De Nuit
https://incidecoder.com/products/chanel-ndeg1-de-chanel-revitalizing-serum,Chanel,N°1 De Chanel Revitalizing Serum,01/08/2022,A powerful serum that helps prevent and correct the appearance of the 5 signs of aging.,"Camellia Japonica Flower Water, Propanediol, Glycerin, Aqua (Water), Pentylene Glycol, Sodium Citrate, Sodium Polyacrylate, Faex (Yeast Extract), Coffea Arabica (Coffee) Seed Oil, Camellia Japonica Flower Extract, Parfum (Fragrance), Chlorphenesin, Citric Acid, Ethylhexyl Palmitate, Caprylyl Glycol, Xanthan Gum, Sodium Hyaluronate, Chondrus Crispus Powder, Adenosine, Lactic Acid, Saccharide Isomerate, 1,2-Hexanediol, Palmitoyl Tetrapeptide-7",https://incidecoder-content.storage.googleapis.com/f3916068-632b-4a03-8f6b-c4b90bdab94c/products/chanel-ndeg1-de-chanel-revitalizing-serum/chanel-ndeg1-de-chanel-revitalizing-serum_front_photo_original.jpeg,Success,Channel N°1 DE CHANEL REVITALIZING SERUM,Channel N°1 DE CHANEL REVITALIZING SERUM,Chanel N°1 De Chanel Revitalizing Serum
,,,,,,,None link found,Channel LE LIFT PRO CRÈME VOLUME,Channel LE LIFT PRO CRÈME VOLUME,
https://incidecoder.com/products/chanel-le-lift-creme,Chanel,Le Lift Crème,11/22/2019,"A soft, comforting face cream that delivers targeted anti-aging benefits for a visibly recontoured, toned and refined complexion.","Aqua (Water), Alcohol, Glycerin, Propanediol, Dimethicone, Triethylhexanoin, Camellia Kissi Seed Oil, Butylene Glycol, Cetearyl Alcohol, Methyl Methacrylate Crosspolymer, Ipomoea Batatas Root Extract, Butyrospermum Parkii (Shea) Butter, Ammonium Acryloyldimethyltaurate/​VP Copolymer, Dipropylene Glycol, Phenoxyethanol, Boron Nitride, Glyceryl Stearate, PEG-100 Stearate, Tocopheryl Acetate, Parfum (Fragrance), Cetearyl Glucoside, Dimethicone Crosspolymer, Caprylyl Glycol, Sorbitan Laurate, Xanthan Gum, Propylene Glycol, Hydrolyzed Silk, Sodium Hyaluronate, Hydroxyethylcellulose, Acetyl Dipeptide-1 Cetyl Ester, Phytic Acid, Sodium Benzoate, Sodium Citrate, Hydrochloric Acid, Citric Acid, Tocopherol, Palmitoyl Oligopeptide, Ci 14700 (Red 4), Ci 19140 (Yellow 5)",https://incidecoder-content.storage.googleapis.com/aae0f411-4e4c-4538-bfdb-ef0fa78d8167/products/chanel-le-lift-creme/chanel-le-lift-creme_front_photo_original.jpeg,Success,Channel LE LIFT CRÈME,Channel LE LIFT CRÈME,Chanel Le Lift Crème
,,,,,,,None link found,Channel N°1 DE CHANEL REVITALIZING CREAM,Channel N°1 DE CHANEL REVITALIZING CREAM,
https://incidecoder.com/products/chanel-hydra-beauty-micro-serum,Chanel,Hydra Beauty Micro Serum,02/07/2024,"A water-light serum that delivers a revolutionary infusion of hydration: 24 hours of continuous moisturizing benefits, leaving skin deeply replenished, smooth and glowing with youth.","Aqua (Water), Glycerin, Butylene Glycol, Propanediol, Dipentaerythrityl Hexacaprylate/​Hexacaprate, Isononyl Isononanoate, Pentylene Glycol, Camellia Japonica Flower Extract, Zingiber Officinale (Ginger) Root Extract, Phenoxyethanol, Parfum (Fragrance), Acrylates/​C10-30 Alkyl Acrylate Crosspolymer, PVP, Carbomer, Camellia Oleifera Seed Oil, Dipropylene Glycol, Amodimethicone, Sodium Hydroxide, Disodium EDTA, Sodium Hyaluronate, Tocopherol",https://incidecoder-content.storage.googleapis.com/02cd7b5c-5f2d-41d3-bd32-8a5cb49c9ecb/products/chanel-hydra-beauty-micro-serum-3/chanel-hydra-beauty-micro-serum-3_front_photo_original.jpeg,Success,Channel HYDRA BEAUTY MICRO SÉRUM,Channel HYDRA BEAUTY MICRO SÉRUM,Chanel Hydra Beauty Micro Serum
,,,,,,,None link found,Channel La Mousse Crème Nettoyante Anti-Pollution Cleansing Cream-To-Foam,Channel La Mousse Crème Nettoyante Anti-Pollution Cleansing Cream-To-Foam,
https://incidecoder.com/products/chanel-sublimage-le-fluide,Chanel,Sublimage Le Fluide,11/22/2019,"Empowered with ultra-pure natural ingredients, this smooth, lightweight and oil-free emulsion addresses fine lines, wrinkles, dullness and loss of firmness while refining skin with a customized matte finish.","Aqua (Water), Glycerin, Alcohol, Lauroyl Lysine, Propanediol, Dicaprylyl Carbonate, Canola Oil, Dimethicone, Pentylene Glycol, Butylene Glycol, Vanilla Planifolia Fruit Extract, Glycyrrhiza Glabra (Licorice) Root Extract, Ammonium Acryloyldimethyltaurate/​VP Copolymer, Propylene Glycol, PEG-60 Glyceryl Isostearate, Polyacrylic Acid, Dimethicone Crosspolymer, Parfum (Fragrance), Caprylyl Glycol, Sodium Acrylates/​C10-30 Alkyl Acrylate Crosspolymer, Zinc Gluconate, Neoruscogenin, Arginine, Polyquaternium-51, Sodium Hyaluronate, Sodium Carbomer, Ruscogenin, Phenoxyethanol, Phytic Acid, Polysorbate 20, Sarcosine, Xanthan Gum, Sodium Citrate, Palmitoyl Oligopeptide, Palmitoyl Tetrapeptide-7, Sodium Benzoate, Citric Acid, Ci 14700 (Red 4), Ci 15985 (Yellow 6), Ci 19140 (Yellow 5)",https://incidecoder-content.storage.googleapis.com/2f7529e5-3f73-470f-bf01-ff52d28a9344/products/chanel-sublimage-le-fluide/chanel-sublimage-le-fluide_front_photo_original.jpeg,Success,Channel SUBLIMAGE LE FLUIDE,Channel SUBLIMAGE LE FLUIDE,Chanel Sublimage Le Fluide
,,,,,,,None link found,Channel SUBLIMAGE L'EXTRAIT DE NUIT - L'ÉCRIN,Channel SUBLIMAGE L'EXTRAIT DE NUIT - L'ÉCRIN,
,,,,,,,None link found,Channel BOY DE CHANEL FORTIFYING GEL MOISTURIZER,Channel BOY DE CHANEL FORTIFYING GEL MOISTURIZER,
,,,,,,,None link found,Channel SUBLIMAGE LA CRÈME TEXTURE SUPRÊME,Channel SUBLIMAGE LA CRÈME TEXTURE SUPRÊME,
,,,,,,,None link found,Channel SUBLIMAGE LA CRÈME TEXTURE FINE,Channel SUBLIMAGE LA CRÈME TEXTURE FINE,
https://incidecoder.com/products/chanel-sublimage-lextrait-de-creme,Chanel,Sublimage L'Extrait De Crème,11/22/2019,"A pure and powerful cream, SUBLIMAGE L’EXTRAIT DE CRÈME delivers the exceptional power of a treatment to revitalize, regenerate, restore and protect.","Aqua (Water), Glycerin, Vanilla Planifolia Fruit Water, Squalane, Coco-Caprylate/​Caprate, Butylene Glycol, Canola Oil, Cetearyl Alcohol, Camellia Kissi Seed Oil, Dimethicone, Hydrogenated Polydecene, Simmondsia Chinensis (Jojoba) Seed Oil, Butyrospermum Parkii (Shea) Butter, Cetyl Alcohol, Phytosteryl Canola Glycerides, Limnanthes Alba (Meadowfoam) Seed Oil, Secale Cereale (Rye) Seed Extract, Vanilla Planifolia Fruit Oil, Faex (Yeast Extract), Vanilla Planifolia Leaf Cell Extract, Vanilla Planifolia Fruit Extract, Vanilla Planifolia Flower Extract, Glycyrrhiza Glabra (Licorice) Root Extract, Sorbitol, Phenoxyethanol, Ammonium Acryloyldimethyltaurate/​VP Copolymer, Glyceryl Stearate, PEG-100 Stearate, Tocopheryl Acetate, Cetearyl Glucoside, Parfum (Fragrance), Pentylene Glycol, Hydrogenated Lecithin, Methylparaben, Propanediol, Sodium Palmitate, Palmitic Acid, Xanthan Gum, Sucrose Laurate, Sucrose Palmitate, Propylene Glycol, Sodium Hyaluronate, Dipropylene Glycol, Polyquaternium-51, Adenosine, Arginine, Sodium Carbomer, Ethylhexyl Methoxycinnamate, Phytic Acid, Polysorbate 20, Ethylhexylglycerin, Butyl Methoxydibenzoylmethane, Ethylhexyl Salicylate, Sodium Citrate, Tocopherol, Ascorbyl Palmitate, Palmitoyl Tripeptide-1, Palmitoyl Tetrapeptide-7, Sodium Benzoate, Citric Acid, Ci 14700 (Red 4), Ci 15510 (Orange 4), Ci 15985 (Yellow 6), Ci 19140 (Yellow 5)",https://incidecoder-content.storage.googleapis.com/ebab8e16-ace0-4b00-817b-3e8e8b636a35/products/chanel-sublimage-lextrait-de-creme/chanel-sublimage-lextrait-de-creme_front_photo_original.jpeg,Success,Channel SUBLIMAGE L'EXTRAIT DE CRÈME,Channel SUBLIMAGE L'EXTRAIT DE CRÈME,Chanel Sublimage L'Extrait De Crème
https://incidecoder.com/products/chanel-sublimage-la-creme-lumiere,Chanel,Sublimage La Crème Lumière,11/23/2021,"The regenerating power of vanilla planifolia combined with the illuminating power of anthyllis in a sublime cream of lightness and softness. The active jewel of sublimage, polyfractionated vanilla planifolia ** stimulates life factors to promote cell renewal essential for beautiful skin: density, firmness, radiance, hydration. ","Aqua (Water), Glycerin, Dimethicone, Alcohol, Squalane, Butyrospermum Parkii (Shea) Butter, Propanediol, Lauroyl Lysine, Niacinamide, Octyldodecyl Myristate, Cetyl Alcohol, Glyceryl Stearate, Vanilla Planifolia Fruit Water, Secale Cereale (Rye) Seed Extract, Vanilla Planifolia Fruit Oil, Faex (Yeast Extract), Glycyrrhiza Glabra (Licorice) Root Extract, Anthyllis Vulneraria Flower Extract, PEG-75 Stearate, Arginine, Sodium Carbomer, Dimethicone Crosspolymer, Parfum (Fragrance), Pentylene Glycol, Tocopheryl Acetate, Ceteth-20, Steareth-20, Chlorphenesin, Caprylyl Glycol, Butylene Glycol, Xanthan Gum, Phenoxyethanol, Biosaccharide Gum-1, Polyquaternium-51, Adenosine, Sodium Hyaluronate, Lactic Acid, Phytic Acid, Pentaerythrityl Tetra-Di-T-Butyl Hydroxyhydrocinnamate, Ethylhexylglycerin, Sodium Citrate, Tin Oxide, Palmitoyl Tetrapeptide-7, Sodium Benzoate, Citric Acid, Ci 77891 (Titanium Dioxide), Mica",https://incidecoder-content.storage.googleapis.com/69423b17-fca9-49b1-9879-7218e63df5cc/products/chanel-sublimage-la-creme-lumiere/chanel-sublimage-la-creme-lumiere_front_photo_original.jpeg,Success,Channel SUBLIMAGE LA CRÈME LUMIÈRE,Channel SUBLIMAGE LA CRÈME LUMIÈRE,Chanel Sublimage La Crème Lumière
